<?xml version="1.0" encoding="UTF-8" standalone="yes"?>
<projectConfiguration>
    <configVersion>2</configVersion>
    <robotExecEnvironment path="C:/Python37-64" interpreter="Python"/>
    <relativeTo>WORKSPACE</relativeTo>
    <referencedLibrary type="PYTHON" name="requests" path="apiAutomation/Libraries/requests/__init__.py" dynamic="false"/>
    <referencedLibrary type="PYTHON" name="RequestsLibrary" path="apiAutomation/Libraries/RequestsLibrary/__init__.py" dynamic="false"/>
    <referencedLibrary type="PYTHON" name="SeleniumLibrary" path="apiAutomation/Libraries/SeleniumLibrary/__init__.py" dynamic="false"/>
    <pythonpath/>
    <classpath/>
    <excludedForValidation/>
    <isValidatedFileSizeCheckingEnabled>true</isValidatedFileSizeCheckingEnabled>
    <validatedFileMaxSize>1024</validatedFileMaxSize>
</projectConfiguration>
